producer_id	version	flow_id	layer	producer_path	producer_sha256	validator_path	validator_sha256	target_bindings_json	reuse_key	assertions_json
agent.sc01.v1	1	SC-01	A	tools/woopayments-critical-flows/flows/SC-01-card-checkout.md	sha256:dafc2b5bf5d774fa4a2ae3d6803a68bcd6ce2178f6427502d0bb646144425e98	tools/woopayments-critical-flows/run.sh	sha256:1e854cf0849491e59506867181e82f578996d5a83ab8f1c23dbd744258cbcf95	[{"role_id":"golden","role_kind":"steady_state"},{"role_id":"target","role_kind":"steady_state"}]	cell	[{"id":"sc01.a.outcome","schema":"critical-flow-agent-result.v1","waiver_class":"none"}]
deterministic.sc01.v1	1	SC-01	D	tools/woopayments-critical-flows/flows/SC-01-card-checkout.sh	sha256:6363d809681dedddfeb07d27f0e759d2fa846d9aa639105aaef8a977cc57fe83	tools/woopayments-critical-flows/run.sh	sha256:1e854cf0849491e59506867181e82f578996d5a83ab8f1c23dbd744258cbcf95	[{"role_id":"golden","role_kind":"steady_state"},{"role_id":"target","role_kind":"steady_state"}]	cell	[{"id":"sc01.d.outcome","schema":"woopayments-deterministic-evidence.v1","waiver_class":"none"}]
agent.sc02.v1	1	SC-02	A	tools/woopayments-critical-flows/flows/SC-02-blocks-card-checkout.md	sha256:74110a3314d1361c396d76e7cfd5a0930f36067718ec0ba054e4f6ca0e90d825	tools/woopayments-critical-flows/run.sh	sha256:1e854cf0849491e59506867181e82f578996d5a83ab8f1c23dbd744258cbcf95	[{"role_id":"golden","role_kind":"steady_state"},{"role_id":"target","role_kind":"steady_state"}]	cell	[{"id":"sc02.a.outcome","schema":"critical-flow-agent-result.v1","waiver_class":"none"}]
deterministic.sc02.v1	1	SC-02	D	tools/woopayments-critical-flows/flows/SC-02-blocks-card-checkout.sh	sha256:03f3beb2db0d26cb7ccf0c5b1f58da362c18da1db925eedb003f5a1b2b734139	tools/woopayments-critical-flows/run.sh	sha256:1e854cf0849491e59506867181e82f578996d5a83ab8f1c23dbd744258cbcf95	[{"role_id":"golden","role_kind":"steady_state"},{"role_id":"target","role_kind":"steady_state"}]	cell	[{"id":"sc02.d.outcome","schema":"woopayments-deterministic-evidence.v1","waiver_class":"none"}]
agent.sc03.v1	1	SC-03	A	tools/woopayments-critical-flows/flows/SC-03-3ds-card-checkout.md	sha256:0c6067ea201a7afd5f00889926b462d746c0fe840c4c39f4d12c5126defc047b	tools/woopayments-critical-flows/run.sh	sha256:1e854cf0849491e59506867181e82f578996d5a83ab8f1c23dbd744258cbcf95	[{"role_id":"golden","role_kind":"steady_state"},{"role_id":"target","role_kind":"steady_state"}]	cell	[{"id":"sc03.a.outcome","schema":"critical-flow-agent-result.v1","waiver_class":"none"}]
agent.sc04.v1	1	SC-04	A	tools/woopayments-critical-flows/flows/SC-04-saved-card.md	sha256:30a9abf7905d7a06ce8f84f3152ebfc86439beddbbf75ee6e684f4f345b3d6a2	tools/woopayments-critical-flows/run.sh	sha256:1e854cf0849491e59506867181e82f578996d5a83ab8f1c23dbd744258cbcf95	[{"role_id":"golden","role_kind":"steady_state"},{"role_id":"target","role_kind":"steady_state"}]	cell	[{"id":"sc04.a.outcome","schema":"critical-flow-agent-result.v1","waiver_class":"none"}]
agent.sc05.v1	1	SC-05	A	tools/woopayments-critical-flows/flows/SC-05-pay-for-order.md	sha256:57622bd8b13d9aa07fcc2de3722bd260a2527c6e11c5958df35dd8af27bccecf	tools/woopayments-critical-flows/run.sh	sha256:1e854cf0849491e59506867181e82f578996d5a83ab8f1c23dbd744258cbcf95	[{"role_id":"golden","role_kind":"steady_state"},{"role_id":"target","role_kind":"steady_state"}]	cell	[{"id":"sc05.a.outcome","schema":"critical-flow-agent-result.v1","waiver_class":"none"}]
agent.sc06.v1	1	SC-06	A	tools/woopayments-critical-flows/flows/SC-06-save-pm-checkbox-terms.md	sha256:be959ae2fbcda356fb1d0d473a9b9696b98002deac7f63bdfcfd995534bfff80	tools/woopayments-critical-flows/run.sh	sha256:1e854cf0849491e59506867181e82f578996d5a83ab8f1c23dbd744258cbcf95	[{"role_id":"golden","role_kind":"steady_state"},{"role_id":"target","role_kind":"steady_state"}]	cell	[{"id":"sc06.a.outcome","schema":"critical-flow-agent-result.v1","waiver_class":"none"}]
agent.sc07.v1	1	SC-07	A	tools/woopayments-critical-flows/flows/SC-07-cart-amount-limit.md	sha256:55a32c900c08d72d69be7a14bfdd8d0a81ec851b1660b1a826f49619cfdf8b91	tools/woopayments-critical-flows/run.sh	sha256:1e854cf0849491e59506867181e82f578996d5a83ab8f1c23dbd744258cbcf95	[{"role_id":"golden","role_kind":"steady_state"},{"role_id":"target","role_kind":"steady_state"}]	cell	[{"id":"sc07.a.outcome","schema":"critical-flow-agent-result.v1","waiver_class":"none"}]
agent.sc08.v1	1	SC-08	A	tools/woopayments-critical-flows/flows/SC-08-woopay-signup-checkout.md	sha256:51738d2cb0ae7968a0a243ebf9627e11399d72af1c159841fd73de4d1f4312e2	tools/woopayments-critical-flows/run.sh	sha256:1e854cf0849491e59506867181e82f578996d5a83ab8f1c23dbd744258cbcf95	[{"role_id":"golden","role_kind":"steady_state"},{"role_id":"target","role_kind":"steady_state"}]	cell	[{"id":"sc08.a.outcome","schema":"critical-flow-agent-result.v1","waiver_class":"none"}]
agent.sc09.v1	1	SC-09	A	tools/woopayments-critical-flows/flows/SC-09-stripe-link-save-reuse.md	sha256:fed1f118c0d52eec586b4555e86af4259ae9c6470d057406687b6ae8afa596bb	tools/woopayments-critical-flows/run.sh	sha256:1e854cf0849491e59506867181e82f578996d5a83ab8f1c23dbd744258cbcf95	[{"role_id":"golden","role_kind":"steady_state"},{"role_id":"target","role_kind":"steady_state"}]	cell	[{"id":"sc09.a.outcome","schema":"critical-flow-agent-result.v1","waiver_class":"none"}]
agent.sc10.v1	1	SC-10	A	tools/woopayments-critical-flows/flows/SC-10-regional-methods.md	sha256:79a225eb204c2647245d606c8a57310d0198e89399fd5c5f7c8c77736b60921b	tools/woopayments-critical-flows/run.sh	sha256:1e854cf0849491e59506867181e82f578996d5a83ab8f1c23dbd744258cbcf95	[{"role_id":"golden","role_kind":"steady_state"},{"role_id":"target","role_kind":"steady_state"}]	cell	[{"id":"sc10.a.outcome","schema":"critical-flow-agent-result.v1","waiver_class":"none"}]
agent.sc11.v1	1	SC-11	A	tools/woopayments-critical-flows/flows/SC-11-bnpl-checkout.md	sha256:43096fbb83d590882036880b2b598ef377b510866ebe68e21733b00387594f59	tools/woopayments-critical-flows/run.sh	sha256:1e854cf0849491e59506867181e82f578996d5a83ab8f1c23dbd744258cbcf95	[{"role_id":"golden","role_kind":"steady_state"},{"role_id":"target","role_kind":"steady_state"}]	cell	[{"id":"sc11.settings","schema":"critical-flow-agent-result.v1","waiver_class":"none"},{"id":"sc11.entry_point","schema":"critical-flow-agent-result.v1","waiver_class":"none"},{"id":"sc11.test_onboarding","schema":"critical-flow-agent-result.v1","waiver_class":"none"},{"id":"sc11.checkout","schema":"critical-flow-agent-result.v1","waiver_class":"none"},{"id":"sc11.money","schema":"critical-flow-agent-result.v1","waiver_class":"none"},{"id":"sc11.restoration","schema":"critical-flow-agent-result.v1","waiver_class":"none"},{"id":"sc11.hosted_capability","schema":"critical-flow-agent-result.v1","waiver_class":"account_scoped_lpm_capability"}]
agent.sc12.v1	1	SC-12	A	tools/woopayments-critical-flows/flows/SC-12-other-gateway-card.md	sha256:4f8dbcc25595a5a8a3c0b06c418d020fdba997fc98f6f772eca7e04cd615aa3c	tools/woopayments-critical-flows/run.sh	sha256:1e854cf0849491e59506867181e82f578996d5a83ab8f1c23dbd744258cbcf95	[{"role_id":"golden","role_kind":"steady_state"},{"role_id":"target","role_kind":"steady_state"}]	cell	[{"id":"sc12.a.outcome","schema":"critical-flow-agent-result.v1","waiver_class":"none"}]
agent.sc13.v1	1	SC-13	A	tools/woopayments-critical-flows/flows/SC-13-shipping-method-totals.md	sha256:3e0f36d2244b28e241e3565eb904ae2132d0a9ce0c8d1f7b8d182b0b81366f25	tools/woopayments-critical-flows/run.sh	sha256:1e854cf0849491e59506867181e82f578996d5a83ab8f1c23dbd744258cbcf95	[{"role_id":"golden","role_kind":"steady_state"},{"role_id":"target","role_kind":"steady_state"}]	cell	[{"id":"sc13.a.outcome","schema":"critical-flow-agent-result.v1","waiver_class":"none"}]
agent.sc14.v1	1	SC-14	A	tools/woopayments-critical-flows/flows/SC-14-lpm-wave-1-checkout.md	sha256:d07c38517e62eb3109dafed220ed45f9027b901e1f6639a377cdda9ecf7112a4	tools/woopayments-critical-flows/run.sh	sha256:1e854cf0849491e59506867181e82f578996d5a83ab8f1c23dbd744258cbcf95	[{"role_id":"golden","role_kind":"steady_state"},{"role_id":"target","role_kind":"steady_state"}]	cell	[{"id":"sc14.a.outcome","schema":"critical-flow-agent-result.v1","waiver_class":"none"}]
agent.sp01.v1	1	SP-01	A	tools/woopayments-critical-flows/flows/SP-01-add-payment-method-card.md	sha256:035a1f2cf6521d5f47edf6194d2513a4b795e385e4b00e82687b27beaaf18729	tools/woopayments-critical-flows/run.sh	sha256:1e854cf0849491e59506867181e82f578996d5a83ab8f1c23dbd744258cbcf95	[{"role_id":"golden","role_kind":"steady_state"},{"role_id":"target","role_kind":"steady_state"}]	cell	[{"id":"sp01.a.outcome","schema":"critical-flow-agent-result.v1","waiver_class":"none"}]
deterministic.sp01.v1	1	SP-01	D	tools/woopayments-critical-flows/flows/SP-01-add-payment-method-card.sh	sha256:93a35fce62c3e46c5ba3a5913c4eabb12e47755b307f438dcd51fa218a4162a2	tools/woopayments-critical-flows/run.sh	sha256:1e854cf0849491e59506867181e82f578996d5a83ab8f1c23dbd744258cbcf95	[{"role_id":"golden","role_kind":"steady_state"},{"role_id":"target","role_kind":"steady_state"}]	cell	[{"id":"sp01.d.outcome","schema":"woopayments-deterministic-evidence.v1","waiver_class":"none"}]
agent.sp02.v1	1	SP-02	A	tools/woopayments-critical-flows/flows/SP-02-add-pm-3dsv2-fail-succeed.md	sha256:5183ad3175f379b3138f08ae9dbb0033ad1bf5079145e1a001af3e75990f009f	tools/woopayments-critical-flows/run.sh	sha256:1e854cf0849491e59506867181e82f578996d5a83ab8f1c23dbd744258cbcf95	[{"role_id":"golden","role_kind":"steady_state"},{"role_id":"target","role_kind":"steady_state"}]	cell	[{"id":"sp02.a.outcome","schema":"critical-flow-agent-result.v1","waiver_class":"none"}]
agent.sp03.v1	1	SP-03	A	tools/woopayments-critical-flows/flows/SP-03-add-pm-declined-card.md	sha256:ec29aa66e02319d958d3d3db1dc0a95666f8089639542812dcc83c75c2287f4c	tools/woopayments-critical-flows/run.sh	sha256:1e854cf0849491e59506867181e82f578996d5a83ab8f1c23dbd744258cbcf95	[{"role_id":"golden","role_kind":"steady_state"},{"role_id":"target","role_kind":"steady_state"}]	cell	[{"id":"sp03.a.outcome","schema":"critical-flow-agent-result.v1","waiver_class":"none"}]
agent.sp04.v1	1	SP-04	A	tools/woopayments-critical-flows/flows/SP-04-delete-payment-method.md	sha256:3f121f35b3844f0fafe7aaa01400e06bcc04e75be2b6cd4fbf02db0031951bb2	tools/woopayments-critical-flows/run.sh	sha256:1e854cf0849491e59506867181e82f578996d5a83ab8f1c23dbd744258cbcf95	[{"role_id":"golden","role_kind":"steady_state"},{"role_id":"target","role_kind":"steady_state"}]	cell	[{"id":"sp04.a.outcome","schema":"critical-flow-agent-result.v1","waiver_class":"none"}]
agent.sp05.v1	1	SP-05	A	tools/woopayments-critical-flows/flows/SP-05-saved-pm-set-default.md	sha256:5d05046223adef8a57a66c869db8cb2c408f95b187a5560793b65338f156a866	tools/woopayments-critical-flows/run.sh	sha256:1e854cf0849491e59506867181e82f578996d5a83ab8f1c23dbd744258cbcf95	[{"role_id":"golden","role_kind":"steady_state"},{"role_id":"target","role_kind":"steady_state"}]	cell	[{"id":"sp05.a.outcome","schema":"critical-flow-agent-result.v1","waiver_class":"none"}]
agent.ss01.v1	1	SS-01	A	tools/woopayments-critical-flows/flows/SS-01-purchase-subscription-initial.md	sha256:4d29cc81ccdc1a7ee03e8b22f50fa19bd21e9c7680f740331c9f9c432cd6344f	tools/woopayments-critical-flows/run.sh	sha256:1e854cf0849491e59506867181e82f578996d5a83ab8f1c23dbd744258cbcf95	[{"role_id":"golden","role_kind":"steady_state"},{"role_id":"target","role_kind":"steady_state"}]	cell	[{"id":"ss01.a.outcome","schema":"critical-flow-agent-result.v1","waiver_class":"none"}]
agent.ss02.v1	1	SS-02	A	tools/woopayments-critical-flows/flows/SS-02-change-pm-new-card.md	sha256:4c40fd7b7322e28c2eb811550eb752640b0cea40004ef2aea7c43c478b031f55	tools/woopayments-critical-flows/run.sh	sha256:1e854cf0849491e59506867181e82f578996d5a83ab8f1c23dbd744258cbcf95	[{"role_id":"golden","role_kind":"steady_state"},{"role_id":"target","role_kind":"steady_state"}]	cell	[{"id":"ss02.a.outcome","schema":"critical-flow-agent-result.v1","waiver_class":"none"}]
agent.ss03.v1	1	SS-03	A	tools/woopayments-critical-flows/flows/SS-03-change-pm-saved-card.md	sha256:355fe254314c20cdf2a43adacb20ba6b6f70dcd1b3d89110042004e303b05911	tools/woopayments-critical-flows/run.sh	sha256:1e854cf0849491e59506867181e82f578996d5a83ab8f1c23dbd744258cbcf95	[{"role_id":"golden","role_kind":"steady_state"},{"role_id":"target","role_kind":"steady_state"}]	cell	[{"id":"ss03.a.outcome","schema":"critical-flow-agent-result.v1","waiver_class":"none"}]
agent.ss05.v1	1	SS-05	A	tools/woopayments-critical-flows/flows/SS-05-renew-now-shopper.md	sha256:d66a064d122785e77bf05d127a542972ab81dd2f21715f5725a9d319c5bdabd3	tools/woopayments-critical-flows/run.sh	sha256:1e854cf0849491e59506867181e82f578996d5a83ab8f1c23dbd744258cbcf95	[{"role_id":"golden","role_kind":"steady_state"},{"role_id":"target","role_kind":"steady_state"}]	cell	[{"id":"ss05.a.outcome","schema":"critical-flow-agent-result.v1","waiver_class":"none"}]
agent.ss06.v1	1	SS-06	A	tools/woopayments-critical-flows/flows/SS-06-cancel-resubscribe.md	sha256:491ae56635905ff85f3fc0b24f276d54fc31e88c29f7a0cfc656732190463987	tools/woopayments-critical-flows/run.sh	sha256:1e854cf0849491e59506867181e82f578996d5a83ab8f1c23dbd744258cbcf95	[{"role_id":"golden","role_kind":"steady_state"},{"role_id":"target","role_kind":"steady_state"}]	cell	[{"id":"ss06.a.outcome","schema":"critical-flow-agent-result.v1","waiver_class":"none"}]
agent.ss08.v1	1	SS-08	A	tools/woopayments-critical-flows/flows/SS-08-free-trial-subscription.md	sha256:6dd5e7fb650a7e32b27abe582a286786196719230971efd899850ae76c3ee112	tools/woopayments-critical-flows/run.sh	sha256:1e854cf0849491e59506867181e82f578996d5a83ab8f1c23dbd744258cbcf95	[{"role_id":"golden","role_kind":"steady_state"},{"role_id":"target","role_kind":"steady_state"}]	cell	[{"id":"ss08.a.outcome","schema":"critical-flow-agent-result.v1","waiver_class":"none"}]
agent.ss10.v1	1	SS-10	A	tools/woopayments-critical-flows/flows/SS-10-sepa-token-renewal-cutover.md	sha256:b3b06646cc43cbfbdde51b79c2401d8faa4849513a7c6820add75a8563d6293f	tools/woopayments-critical-flows/run.sh	sha256:1e854cf0849491e59506867181e82f578996d5a83ab8f1c23dbd744258cbcf95	[{"role_id":"coexistence->native->coexistence","role_kind":"transition"}]	cell	[{"id":"ss10.a.outcome","schema":"critical-flow-agent-result.v1","waiver_class":"none"}]
agent.ms01.v1	1	MS-01	A	tools/woopayments-critical-flows/flows/MS-01-create-subscription-product.md	sha256:87d9b77d6eb9b663d4e00a32b116b93db6a7f5de23a47e9e610416bbd1b2f2b9	tools/woopayments-critical-flows/run.sh	sha256:1e854cf0849491e59506867181e82f578996d5a83ab8f1c23dbd744258cbcf95	[{"role_id":"golden","role_kind":"steady_state"},{"role_id":"target","role_kind":"steady_state"}]	cell	[{"id":"ms01.a.outcome","schema":"critical-flow-agent-result.v1","waiver_class":"none"}]
agent.ms03.v1	1	MS-03	A	tools/woopayments-critical-flows/flows/MS-03-suspend-resume.md	sha256:60985856ffc0bbbae8884a662b0a2829ee1028ed6b524bea0453da686f6bf19d	tools/woopayments-critical-flows/run.sh	sha256:1e854cf0849491e59506867181e82f578996d5a83ab8f1c23dbd744258cbcf95	[{"role_id":"golden","role_kind":"steady_state"},{"role_id":"target","role_kind":"steady_state"}]	cell	[{"id":"ms03.a.outcome","schema":"critical-flow-agent-result.v1","waiver_class":"none"}]
agent.ms06.v1	1	MS-06	A	tools/woopayments-critical-flows/flows/MS-06-renew-manually-admin.md	sha256:7749b33d56e5ebf6a077a13f57c39a13994a757bfc87965820239dc1466c838b	tools/woopayments-critical-flows/run.sh	sha256:1e854cf0849491e59506867181e82f578996d5a83ab8f1c23dbd744258cbcf95	[{"role_id":"golden","role_kind":"steady_state"},{"role_id":"target","role_kind":"steady_state"}]	cell	[{"id":"ms06.a.outcome","schema":"critical-flow-agent-result.v1","waiver_class":"none"}]
agent.ms07.v1	1	MS-07	A	tools/woopayments-critical-flows/flows/MS-07-admin-change-method.md	sha256:7b95e9ffb932e628c2afec03eefb625a48aae1650ebd1f07c4f2e873c0ed7fea	tools/woopayments-critical-flows/run.sh	sha256:1e854cf0849491e59506867181e82f578996d5a83ab8f1c23dbd744258cbcf95	[{"role_id":"golden","role_kind":"steady_state"},{"role_id":"target","role_kind":"steady_state"}]	cell	[{"id":"ms07.a.outcome","schema":"critical-flow-agent-result.v1","waiver_class":"none"}]
agent.mo01.v1	1	MO-01	A	tools/woopayments-critical-flows/flows/MO-01-manual-capture-order.md	sha256:a68f201f607a8590ce9586813762e2cec5eeaab2518d0a5d1e0684a9eb9e5435	tools/woopayments-critical-flows/run.sh	sha256:1e854cf0849491e59506867181e82f578996d5a83ab8f1c23dbd744258cbcf95	[{"role_id":"golden","role_kind":"steady_state"},{"role_id":"target","role_kind":"steady_state"}]	cell	[{"id":"mo01.a.outcome","schema":"critical-flow-agent-result.v1","waiver_class":"none"}]
deterministic.mo01.v1	1	MO-01	D	tools/woopayments-critical-flows/flows/MO-01-manual-capture-order.sh	sha256:763b39f5f53c9fe1ef3997ca1e71cff7d632405284f872b1d3050cf0cbf675de	tools/woopayments-critical-flows/run.sh	sha256:1e854cf0849491e59506867181e82f578996d5a83ab8f1c23dbd744258cbcf95	[{"role_id":"golden","role_kind":"steady_state"},{"role_id":"target","role_kind":"steady_state"}]	cell	[{"id":"mo01.d.outcome","schema":"woopayments-deterministic-evidence.v1","waiver_class":"none"}]
agent.mo02.v1	1	MO-02	A	tools/woopayments-critical-flows/flows/MO-02-manual-capture-uncaptured-tab.md	sha256:1215688442f9675be9295a5f37cd6fcd7c8577c6da5ee8ef2c05665276127d94	tools/woopayments-critical-flows/run.sh	sha256:1e854cf0849491e59506867181e82f578996d5a83ab8f1c23dbd744258cbcf95	[{"role_id":"golden","role_kind":"steady_state"},{"role_id":"target","role_kind":"steady_state"}]	cell	[{"id":"mo02.a.outcome","schema":"critical-flow-agent-result.v1","waiver_class":"none"}]
deterministic.mo02.v1	1	MO-02	D	tools/woopayments-critical-flows/flows/MO-02-manual-capture-uncaptured-tab.sh	sha256:a2c7fa6d0105105ccd1d4a019277665aa1b1cf7b091d059f313f4a1bc753aef2	tools/woopayments-critical-flows/run.sh	sha256:1e854cf0849491e59506867181e82f578996d5a83ab8f1c23dbd744258cbcf95	[{"role_id":"golden","role_kind":"steady_state"},{"role_id":"target","role_kind":"steady_state"}]	cell	[{"id":"mo02.d.outcome","schema":"woopayments-deterministic-evidence.v1","waiver_class":"none"}]
agent.mo03.v1	1	MO-03	A	tools/woopayments-critical-flows/flows/MO-03-manual-capture-payment-details.md	sha256:7290061ac310f09da6d4c16dcf8a4ce99d14861730d528df9dd763354943fc14	tools/woopayments-critical-flows/run.sh	sha256:1e854cf0849491e59506867181e82f578996d5a83ab8f1c23dbd744258cbcf95	[{"role_id":"golden","role_kind":"steady_state"},{"role_id":"target","role_kind":"steady_state"}]	cell	[{"id":"mo03.a.outcome","schema":"critical-flow-agent-result.v1","waiver_class":"none"}]
deterministic.mo03.v1	1	MO-03	D	tools/woopayments-critical-flows/flows/MO-03-manual-capture-payment-details.sh	sha256:59a20d9f510bb00e2ad45cebb9c2b5c2c99e98e3bc9ddff72605d5212c6ba960	tools/woopayments-critical-flows/run.sh	sha256:1e854cf0849491e59506867181e82f578996d5a83ab8f1c23dbd744258cbcf95	[{"role_id":"golden","role_kind":"steady_state"},{"role_id":"target","role_kind":"steady_state"}]	cell	[{"id":"mo03.d.outcome","schema":"woopayments-deterministic-evidence.v1","waiver_class":"none"}]
agent.mo04.v1	1	MO-04	A	tools/woopayments-critical-flows/flows/MO-04-full-refund.md	sha256:7d05140a39c66c2323f32db1d3fa3644a4e229767a508be31ea83f3785c22d0c	tools/woopayments-critical-flows/run.sh	sha256:1e854cf0849491e59506867181e82f578996d5a83ab8f1c23dbd744258cbcf95	[{"role_id":"golden","role_kind":"steady_state"},{"role_id":"target","role_kind":"steady_state"}]	cell	[{"id":"mo04.a.outcome","schema":"critical-flow-agent-result.v1","waiver_class":"none"}]
agent.mo05.v1	1	MO-05	A	tools/woopayments-critical-flows/flows/MO-05-partial-refund.md	sha256:88ff8df001e1362e276ca4b4f01582bdc5cc1385b360f333d25f4993908b00e9	tools/woopayments-critical-flows/run.sh	sha256:1e854cf0849491e59506867181e82f578996d5a83ab8f1c23dbd744258cbcf95	[{"role_id":"golden","role_kind":"steady_state"},{"role_id":"target","role_kind":"steady_state"}]	cell	[{"id":"mo05.a.outcome","schema":"critical-flow-agent-result.v1","waiver_class":"none"}]
deterministic.ma01.v1	1	MA-01	D	tools/woopayments-critical-flows/flows/MA-01-open-admin-as-non-admin.sh	sha256:fc84ccf18520d956f02108cec411fe5ef3cfb264d0e673fd40d53bd6580c695c	tools/woopayments-critical-flows/run.sh	sha256:1e854cf0849491e59506867181e82f578996d5a83ab8f1c23dbd744258cbcf95	[{"role_id":"golden","role_kind":"steady_state"},{"role_id":"target","role_kind":"steady_state"}]	cell	[{"id":"ma01.d.outcome","schema":"woopayments-deterministic-evidence.v1","waiver_class":"none"}]
agent.ma02.v1	1	MA-02	A	tools/woopayments-critical-flows/flows/MA-02-view-account-balances.md	sha256:5b155a9fa80ecfc806776cd3e77704703b8915ecf3b58f743c05dc0fb25ba0b0	tools/woopayments-critical-flows/run.sh	sha256:1e854cf0849491e59506867181e82f578996d5a83ab8f1c23dbd744258cbcf95	[{"role_id":"golden","role_kind":"steady_state"},{"role_id":"target","role_kind":"steady_state"}]	cell	[{"id":"ma02.a.outcome","schema":"critical-flow-agent-result.v1","waiver_class":"none"}]
agent.ma03.v1	1	MA-03	A	tools/woopayments-critical-flows/flows/MA-03-view-transactions.md	sha256:1f08d1a280655249542c93f90b430c7b1ad7b26b8e807c41a8d369fed8b13ee0	tools/woopayments-critical-flows/run.sh	sha256:1e854cf0849491e59506867181e82f578996d5a83ab8f1c23dbd744258cbcf95	[{"role_id":"golden","role_kind":"steady_state"},{"role_id":"target","role_kind":"steady_state"}]	cell	[{"id":"ma03.a.outcome","schema":"critical-flow-agent-result.v1","waiver_class":"none"}]
agent.ma04.v1	1	MA-04	A	tools/woopayments-critical-flows/flows/MA-04-filter-transactions.md	sha256:753851a5d21d83863c781fb0b6af9ba4ea7416d0bf22cde847e597c75e175515	tools/woopayments-critical-flows/run.sh	sha256:1e854cf0849491e59506867181e82f578996d5a83ab8f1c23dbd744258cbcf95	[{"role_id":"golden","role_kind":"steady_state"},{"role_id":"target","role_kind":"steady_state"}]	cell	[{"id":"ma04.a.outcome","schema":"critical-flow-agent-result.v1","waiver_class":"none"}]
agent.ma05.v1	1	MA-05	A	tools/woopayments-critical-flows/flows/MA-05-search-transactions.md	sha256:46cbe4b1f0b8be9039bbc6c9bfe04075d593987b70830428a882c432abbbe763	tools/woopayments-critical-flows/run.sh	sha256:1e854cf0849491e59506867181e82f578996d5a83ab8f1c23dbd744258cbcf95	[{"role_id":"golden","role_kind":"steady_state"},{"role_id":"target","role_kind":"steady_state"}]	cell	[{"id":"ma05.a.outcome","schema":"critical-flow-agent-result.v1","waiver_class":"none"}]
agent.ma07.v1	1	MA-07	A	tools/woopayments-critical-flows/flows/MA-07-view-transaction-details.md	sha256:9d77f0b5dd3d48bed6070ec42ac794d4dd479157fc09b0b0a35865647cf39685	tools/woopayments-critical-flows/run.sh	sha256:1e854cf0849491e59506867181e82f578996d5a83ab8f1c23dbd744258cbcf95	[{"role_id":"golden","role_kind":"steady_state"},{"role_id":"target","role_kind":"steady_state"}]	cell	[{"id":"ma07.a.outcome","schema":"critical-flow-agent-result.v1","waiver_class":"none"}]
agent.ma08.v1	1	MA-08	A	tools/woopayments-critical-flows/flows/MA-08-view-payouts-details.md	sha256:38d7dc09252807a63b871db4e2bc017c69d190603bdb2035f9dc8a4d3782e239	tools/woopayments-critical-flows/run.sh	sha256:1e854cf0849491e59506867181e82f578996d5a83ab8f1c23dbd744258cbcf95	[{"role_id":"golden","role_kind":"steady_state"},{"role_id":"target","role_kind":"steady_state"}]	cell	[{"id":"ma08.a.outcome","schema":"critical-flow-agent-result.v1","waiver_class":"none"}]
deterministic.ma09.v1	1	MA-09	D	tools/woopayments-critical-flows/flows/MA-09-large-dataset-perf.sh	sha256:0677d8e3e071bd215e7cb6dd60209223d21844bead3a3ce1e0ad2a2447f89457	tools/woopayments-critical-flows/run.sh	sha256:1e854cf0849491e59506867181e82f578996d5a83ab8f1c23dbd744258cbcf95	[{"role_id":"golden","role_kind":"steady_state"},{"role_id":"target","role_kind":"steady_state"}]	cell	[{"id":"ma09.d.outcome","schema":"woopayments-deterministic-evidence.v1","waiver_class":"none"}]
deterministic.ma10.v1	1	MA-10	D	tools/woopayments-merge/i18n-notes-gate.sh	sha256:113bc63cd4ddee5f3add27868599cffc11e947c958446a0935a3eef4216b39a7	tools/woopayments-critical-flows/run.sh	sha256:1e854cf0849491e59506867181e82f578996d5a83ab8f1c23dbd744258cbcf95	[{"role_id":"golden","role_kind":"steady_state"},{"role_id":"target","role_kind":"steady_state"}]	cell	[{"id":"ma10.d.outcome","schema":"woopayments-deterministic-evidence.v1","waiver_class":"none"}]
agent.ma11.v1	1	MA-11	A	tools/woopayments-critical-flows/flows/MA-11-plugin-active-settings-screen.md	sha256:153ab456b8492f0934782cf16648145dda5b9d3d3b6b20d942d7c4ac28615678	tools/woopayments-critical-flows/run.sh	sha256:1e854cf0849491e59506867181e82f578996d5a83ab8f1c23dbd744258cbcf95	[{"role_id":"golden","role_kind":"steady_state"},{"role_id":"coexistence","role_kind":"steady_state"}]	cell	[{"id":"ma11.a.outcome","schema":"critical-flow-agent-result.v1","waiver_class":"none"}]
agent.md01.v1	1	MD-01	A	tools/woopayments-critical-flows/flows/MD-01-created-note-on-hold-notify.md	sha256:e85cdfc745adf7dffdf4345dbd10d0952d5711ee46904b5e72877812a446beb8	tools/woopayments-critical-flows/run.sh	sha256:1e854cf0849491e59506867181e82f578996d5a83ab8f1c23dbd744258cbcf95	[{"role_id":"golden","role_kind":"steady_state"},{"role_id":"target","role_kind":"steady_state"}]	cell	[{"id":"md01.a.outcome","schema":"critical-flow-agent-result.v1","waiver_class":"none"}]
deterministic.md01.v1	1	MD-01	D	tools/woopayments-critical-flows/flows/MD-01-created-note-on-hold-notify.sh	sha256:2648f28a30e8bce4ebc3534ec12e8e6e5fd1f8d0522e9c575d27a6c50f233784	tools/woopayments-critical-flows/run.sh	sha256:1e854cf0849491e59506867181e82f578996d5a83ab8f1c23dbd744258cbcf95	[{"role_id":"golden","role_kind":"steady_state"},{"role_id":"target","role_kind":"steady_state"}]	cell	[{"id":"md01.d.outcome","schema":"woopayments-deterministic-evidence.v1","waiver_class":"none"}]
agent.md02.v1	1	MD-02	A	tools/woopayments-critical-flows/flows/MD-02-save-evidence.md	sha256:cabf3252fe9ffaffe54ed1036a521d919070090f9ccc58d2bdfa17c8917c980a	tools/woopayments-critical-flows/run.sh	sha256:1e854cf0849491e59506867181e82f578996d5a83ab8f1c23dbd744258cbcf95	[{"role_id":"golden","role_kind":"steady_state"},{"role_id":"target","role_kind":"steady_state"}]	cell	[{"id":"md02.a.outcome","schema":"critical-flow-agent-result.v1","waiver_class":"none"}]
deterministic.md02.v1	1	MD-02	D	tools/woopayments-critical-flows/flows/MD-02-save-evidence.sh	sha256:6d4edb235295cc0aeb4c377eab297de056c2654e5a03758b308ae665dd79c76b	tools/woopayments-critical-flows/run.sh	sha256:1e854cf0849491e59506867181e82f578996d5a83ab8f1c23dbd744258cbcf95	[{"role_id":"golden","role_kind":"steady_state"},{"role_id":"target","role_kind":"steady_state"}]	cell	[{"id":"md02.d.outcome","schema":"woopayments-deterministic-evidence.v1","waiver_class":"none"}]
deterministic.md03.v1	1	MD-03	D	tools/woopayments-critical-flows/flows/MD-03-winning-dispute.sh	sha256:a04ee1706eead20be6803f28dfb456ce552cca91af0ac18458ab514b6a701799	tools/woopayments-critical-flows/run.sh	sha256:1e854cf0849491e59506867181e82f578996d5a83ab8f1c23dbd744258cbcf95	[{"role_id":"golden","role_kind":"steady_state"},{"role_id":"target","role_kind":"steady_state"}]	cell	[{"id":"md03.d.outcome","schema":"woopayments-deterministic-evidence.v1","waiver_class":"none"}]
deterministic.md04.v1	1	MD-04	D	tools/woopayments-critical-flows/flows/MD-04-losing-dispute.sh	sha256:4f2a594e3ff24898401af525f899b1f53a117db6c380552d5dd22eeaede7653f	tools/woopayments-critical-flows/run.sh	sha256:1e854cf0849491e59506867181e82f578996d5a83ab8f1c23dbd744258cbcf95	[{"role_id":"golden","role_kind":"steady_state"},{"role_id":"target","role_kind":"steady_state"}]	cell	[{"id":"md04.d.outcome","schema":"woopayments-deterministic-evidence.v1","waiver_class":"none"}]
agent.on01.v1	1	ON-01	A	tools/woopayments-critical-flows/flows/ON-01-onboard-wc-settings-nox.md	sha256:4f5e9ecce316d33ff4550c768c8f148597a1bc2e79191827b4de483fa6a45cc5	tools/woopayments-critical-flows/run.sh	sha256:1e854cf0849491e59506867181e82f578996d5a83ab8f1c23dbd744258cbcf95	[{"role_id":"golden","role_kind":"steady_state"},{"role_id":"target","role_kind":"steady_state"}]	cell	[{"id":"on01.settings","schema":"critical-flow-agent-result.v1","waiver_class":"none"},{"id":"on01.entry_point","schema":"critical-flow-agent-result.v1","waiver_class":"none"},{"id":"on01.test_onboarding","schema":"critical-flow-agent-result.v1","waiver_class":"none"},{"id":"on01.checkout","schema":"critical-flow-agent-result.v1","waiver_class":"none"},{"id":"on01.money","schema":"critical-flow-agent-result.v1","waiver_class":"none"},{"id":"on01.restoration","schema":"critical-flow-agent-result.v1","waiver_class":"none"},{"id":"on01.live_kyc","schema":"critical-flow-agent-result.v1","waiver_class":"live_kyc"}]
agent.on02.v1	1	ON-02	A	tools/woopayments-critical-flows/flows/ON-02-onboard-launch-your-store.md	sha256:9e4a082932eafe2f64f05c3b3ea6d872d31a37dea9ebb837a422f9c1d7594aa7	tools/woopayments-critical-flows/run.sh	sha256:1e854cf0849491e59506867181e82f578996d5a83ab8f1c23dbd744258cbcf95	[{"role_id":"golden","role_kind":"steady_state"},{"role_id":"target","role_kind":"steady_state"}]	cell	[{"id":"on02.settings","schema":"critical-flow-agent-result.v1","waiver_class":"none"},{"id":"on02.entry_point","schema":"critical-flow-agent-result.v1","waiver_class":"none"},{"id":"on02.test_onboarding","schema":"critical-flow-agent-result.v1","waiver_class":"none"},{"id":"on02.checkout","schema":"critical-flow-agent-result.v1","waiver_class":"none"},{"id":"on02.money","schema":"critical-flow-agent-result.v1","waiver_class":"none"},{"id":"on02.restoration","schema":"critical-flow-agent-result.v1","waiver_class":"none"},{"id":"on02.live_kyc","schema":"critical-flow-agent-result.v1","waiver_class":"live_kyc"}]
agent.on03.v1	1	ON-03	A	tools/woopayments-critical-flows/flows/ON-03-manual-install-setup.md	sha256:d70405c31fb16a4c3cf122f5fd8a44b0b76b06b344e53df651fc119ba1e7567b	tools/woopayments-critical-flows/run.sh	sha256:1e854cf0849491e59506867181e82f578996d5a83ab8f1c23dbd744258cbcf95	[{"role_id":"golden","role_kind":"steady_state"},{"role_id":"target","role_kind":"steady_state"}]	cell	[{"id":"on03.a.outcome","schema":"critical-flow-agent-result.v1","waiver_class":"none"}]
agent.on04.v1	1	ON-04	A	tools/woopayments-critical-flows/flows/ON-04-plugin-update-plugins-page.md	sha256:54dc62c38889f139085a1eddaeec2d05a3ba3aa8278dbc28b156db8ea513eaf4	tools/woopayments-critical-flows/run.sh	sha256:1e854cf0849491e59506867181e82f578996d5a83ab8f1c23dbd744258cbcf95	[{"role_id":"golden","role_kind":"steady_state"},{"role_id":"coexistence","role_kind":"steady_state"}]	cell	[{"id":"on04.a.outcome","schema":"critical-flow-agent-result.v1","waiver_class":"none"}]
agent.mc01.v1	1	MC-01	A	tools/woopayments-critical-flows/flows/MC-01-set-up.md	sha256:02a39e80ffbd0e4ca392af158f5a7026c00bb4948be645d71603ce44ea28ac77	tools/woopayments-critical-flows/run.sh	sha256:1e854cf0849491e59506867181e82f578996d5a83ab8f1c23dbd744258cbcf95	[{"role_id":"golden","role_kind":"steady_state"},{"role_id":"target","role_kind":"steady_state"}]	cell	[{"id":"mc01.a.outcome","schema":"critical-flow-agent-result.v1","waiver_class":"none"}]
agent.mc03.v1	1	MC-03	A	tools/woopayments-critical-flows/flows/MC-03-add-switcher-widget.md	sha256:9d863d64028c8a98b07f8ee369209de84af64b5bac957b37a76e499215a3178d	tools/woopayments-critical-flows/run.sh	sha256:1e854cf0849491e59506867181e82f578996d5a83ab8f1c23dbd744258cbcf95	[{"role_id":"golden","role_kind":"steady_state"},{"role_id":"target","role_kind":"steady_state"}]	cell	[{"id":"mc03.a.outcome","schema":"critical-flow-agent-result.v1","waiver_class":"none"}]
agent.mc04.v1	1	MC-04	A	tools/woopayments-critical-flows/flows/MC-04-block-widget-editor.md	sha256:77690682b0b6449af99fd864a25c7fcd22ca551cdc998f392968a15f0d06c36e	tools/woopayments-critical-flows/run.sh	sha256:1e854cf0849491e59506867181e82f578996d5a83ab8f1c23dbd744258cbcf95	[{"role_id":"golden","role_kind":"steady_state"},{"role_id":"target","role_kind":"steady_state"}]	cell	[{"id":"mc04.a.outcome","schema":"critical-flow-agent-result.v1","waiver_class":"none"}]
agent.mc05.v1	1	MC-05	A	tools/woopayments-critical-flows/flows/MC-05-mc-onboarding-setup-task.md	sha256:fcf542e933e3bc64c6e5307352dc17216e4b937b1d5bf4415ed2204f815f4fea	tools/woopayments-critical-flows/run.sh	sha256:1e854cf0849491e59506867181e82f578996d5a83ab8f1c23dbd744258cbcf95	[{"role_id":"golden","role_kind":"steady_state"},{"role_id":"target","role_kind":"steady_state"}]	cell	[{"id":"mc05.a.outcome","schema":"critical-flow-agent-result.v1","waiver_class":"none"}]
deterministic.mc06.v1	1	MC-06	D	tools/woopayments-merge/mc-rates-gate.sh	sha256:40a6459efb886b4eeb1f5d864d51e3a10fdcfa05de9fdf9b2cdf1b01b7a468e8	tools/woopayments-critical-flows/run.sh	sha256:1e854cf0849491e59506867181e82f578996d5a83ab8f1c23dbd744258cbcf95	[{"role_id":"golden","role_kind":"steady_state"},{"role_id":"target","role_kind":"steady_state"}]	cell	[{"id":"mc06.d.outcome","schema":"woopayments-deterministic-evidence.v1","waiver_class":"none"}]
agent.mcs01.v1	1	MCS-01	A	tools/woopayments-critical-flows/flows/MCS-01-guest-checkout-selected-currency.md	sha256:040cff0ef0d982eaba0349d5f1abecf3ce0c0e0c3e3d1482f9e40bd75e419d03	tools/woopayments-critical-flows/run.sh	sha256:1e854cf0849491e59506867181e82f578996d5a83ab8f1c23dbd744258cbcf95	[{"role_id":"golden","role_kind":"steady_state"},{"role_id":"target","role_kind":"steady_state"}]	cell	[{"id":"mcs01.a.outcome","schema":"critical-flow-agent-result.v1","waiver_class":"none"}]
agent.mcs02.v1	1	MCS-02	A	tools/woopayments-critical-flows/flows/MCS-02-logged-in-checkout-selected-currency.md	sha256:ec64cb588da062f02fc45307df692d1366fdb9a91088e1abf6ad3a378dfd69a3	tools/woopayments-critical-flows/run.sh	sha256:1e854cf0849491e59506867181e82f578996d5a83ab8f1c23dbd744258cbcf95	[{"role_id":"golden","role_kind":"steady_state"},{"role_id":"target","role_kind":"steady_state"}]	cell	[{"id":"mcs02.a.outcome","schema":"critical-flow-agent-result.v1","waiver_class":"none"}]
agent.ec01.v1	1	EC-01	A	tools/woopayments-critical-flows/flows/EC-01-prb-from-product-page.md	sha256:8757c62657c0fd9e0e72123ee1a04a2e626cb4be5712bf00f67cbb28cd0bb8f3	tools/woopayments-critical-flows/run.sh	sha256:1e854cf0849491e59506867181e82f578996d5a83ab8f1c23dbd744258cbcf95	[{"role_id":"golden","role_kind":"steady_state"},{"role_id":"target","role_kind":"steady_state"}]	cell	[{"id":"ec01.a.outcome","schema":"critical-flow-agent-result.v1","waiver_class":"none"}]
agent.ec02.v1	1	EC-02	A	tools/woopayments-critical-flows/flows/EC-02-prb-from-cart.md	sha256:e5dcbcced14633863fb68e679e109f090e4046c3ca336ac591e1629a02aa9943	tools/woopayments-critical-flows/run.sh	sha256:1e854cf0849491e59506867181e82f578996d5a83ab8f1c23dbd744258cbcf95	[{"role_id":"golden","role_kind":"steady_state"},{"role_id":"target","role_kind":"steady_state"}]	cell	[{"id":"ec02.a.outcome","schema":"critical-flow-agent-result.v1","waiver_class":"none"}]
agent.ec03.v1	1	EC-03	A	tools/woopayments-critical-flows/flows/EC-03-prb-with-3ds-card.md	sha256:fed9695e52cb486720f8a085626918a865350529fbc90d37b32b5d7f2b8f9b06	tools/woopayments-critical-flows/run.sh	sha256:1e854cf0849491e59506867181e82f578996d5a83ab8f1c23dbd744258cbcf95	[{"role_id":"golden","role_kind":"steady_state"},{"role_id":"target","role_kind":"steady_state"}]	cell	[{"id":"ec03.a.outcome","schema":"critical-flow-agent-result.v1","waiver_class":"none"}]
agent.mu03.v1	1	MU-03	A	tools/woopayments-critical-flows/flows/MU-03-plugin-update-multisite.md	sha256:6a70c47720fb9e88d3eced475d6c166242d51c960e0a70850649523d41b398fb	tools/woopayments-critical-flows/run.sh	sha256:1e854cf0849491e59506867181e82f578996d5a83ab8f1c23dbd744258cbcf95	[{"role_id":"golden","role_kind":"steady_state"},{"role_id":"target","role_kind":"steady_state"}]	cell	[{"id":"mu03.a.outcome","schema":"critical-flow-agent-result.v1","waiver_class":"none"}]
agent.mu04.v1	1	MU-04	A	tools/woopayments-critical-flows/flows/MU-04-card-checkout-primary-secondary.md	sha256:34a60716fdc7ce7c88bea91eb7986b5cdb9eed7f0194aa6c37b003a06ebb1d5e	tools/woopayments-critical-flows/run.sh	sha256:1e854cf0849491e59506867181e82f578996d5a83ab8f1c23dbd744258cbcf95	[{"role_id":"golden","role_kind":"steady_state"},{"role_id":"target","role_kind":"steady_state"}]	cell	[{"id":"mu04.a.outcome","schema":"critical-flow-agent-result.v1","waiver_class":"none"}]
